id,first_name,last_name,ip_address,amount
1,Stanford,Drummer,2/11/2021,357
2,Marja,Blaine,11/16/2022,147
3,Amalita,Vannacci,7/13/2021,422
4,Charlotta,Waine,4/6/2022,150
5,Johnette,Colomb,1/19/2021,192
6,Lib,Perico,1/8/2022,199
7,Blair,Greated,2/12/2021,257
8,Lonna,Richford,1/19/2023,50
9,Boris,Pelham,11/27/2021,91
10,Walker,Devita,8/26/2022,76
11,Kit,Symper,6/27/2021,46
12,Yank,Meeke,1/26/2021,273
13,Albrecht,Brissenden,1/29/2023,163
14,Shelli,Shilliday,3/31/2023,111
15,Pris,Billitteri,9/12/2021,202
16,Byran,McGeaney,10/24/2021,170
17,Lenka,Andreazzi,12/4/2021,239
18,Bellanca,Le Prevost,1/7/2023,386
19,Isadora,Brooksbie,4/27/2022,388
20,Janek,Van den Oord,1/26/2023,48
21,Tatiania,Bridgewater,5/20/2022,341
22,Damita,Duncanson,3/19/2022,384
23,Langston,Junifer,10/19/2021,132
24,Saundra,Fery,12/25/2022,62
25,Smith,Dews,8/21/2021,34
26,Gertruda,Tinmouth,5/30/2023,248
27,Courtnay,Vivers,4/30/2022,303
28,Michaelina,Vivians,11/19/2022,108
29,Dre,Emlin,4/25/2022,272
30,Jackqueline,Vina,1/28/2023,275
31,Amii,Corradeschi,1/10/2021,188
32,Consuelo,Brotheridge,1/20/2021,486
33,Nance,O'Cannon,9/15/2022,60
34,Jannelle,McNeillie,1/30/2021,48
35,Ashli,Carrigan,1/6/2023,219
36,Marge,Rosebotham,4/9/2023,427
37,Nanny,Taillard,2/21/2023,353
38,Felice,Petchell,8/27/2022,367
39,Kimball,Hillum,8/9/2021,394
40,Dino,McQuirk,1/6/2021,258
41,Katherine,Holberry,9/22/2021,79
42,Lynea,Moline,3/18/2022,297
43,Liz,Stanyan,3/3/2021,10
44,Sheela,Crompton,7/6/2021,89
45,Goldi,Carvell,9/26/2022,378
46,Morgan,Duckhouse,2/3/2021,253
47,Briney,Lepick,9/30/2022,106
48,Philippine,Leile,9/24/2021,354
49,Tris,Sexton,6/27/2022,327
50,Cristionna,Koschek,12/13/2021,132
51,Wilmer,Brake,7/14/2022,144
52,Mariana,Rockliffe,5/13/2023,81
53,Shannen,Girth,3/8/2023,151
54,Gardie,Hagger,2/9/2023,314
55,Faber,Laurencot,2/7/2022,45
56,Roseann,Stoneman,5/8/2021,471
57,Sammie,Chaunce,8/20/2021,310
58,Sheffy,Gravet,6/29/2021,90
59,Harriette,Wilmut,9/2/2021,282
60,Tadd,Skipsey,7/25/2022,356
61,Pepi,Draysey,10/15/2022,421
62,Gonzales,Backwell,3/13/2022,268
63,Arabele,Poag,4/14/2021,467
64,Filmore,Medford,2/10/2023,463
65,Floyd,Derby,2/22/2021,315
66,Francklin,Knox,4/12/2022,71
67,Eirena,Merington,7/8/2021,81
68,Worthington,Pavis,10/10/2021,257
69,Vera,Medendorp,2/26/2021,477
70,Gard,Thurlow,10/15/2022,262
71,Vincents,Ascrofte,11/3/2022,133
72,Maybelle,Ilbert,2/12/2022,220
73,Ailene,Bimson,5/9/2021,308
74,Alyda,Redsall,4/9/2023,246
75,Thea,Puttick,1/25/2021,121
76,Kennedy,Pearde,8/21/2021,399
77,Hilliary,Oxley,4/8/2023,159
78,Cyril,Mattingley,7/2/2021,414
79,Bibby,Jeanneau,5/1/2021,268
80,Daron,Elcomb,6/24/2022,500
81,Ofella,Peeke-Vout,9/25/2021,27
82,Skippy,Lockitt,8/5/2022,408
83,Ronalda,MacGillavery,10/8/2021,119
84,Silvain,Jacquemet,8/23/2022,67
85,Rey,Woodworth,9/29/2022,174
86,Marigold,Spriggen,3/6/2022,198
87,Skippie,Scown,3/26/2022,432
88,Kip,Bachelar,8/12/2021,318
89,Haley,Wortt,11/14/2021,254
90,Claudina,Cathel,4/20/2022,298
91,Gilbertina,Geraldini,7/15/2022,447
92,Morse,Bridgewater,8/21/2022,210
93,Killian,Echlin,5/27/2023,208
94,Leia,Blaske,8/26/2022,230
95,Hillyer,Samwyse,4/13/2021,17
96,Clarey,Mayhew,8/24/2022,435
97,Charlena,Gutch,4/8/2022,386
98,Peirce,Mardling,9/29/2022,162
99,Osborn,Linde,7/25/2022,73
100,Vladimir,Eichmann,8/25/2022,104
101,Barron,Chartres,6/11/2022,150
102,Devonna,MacAughtrie,4/25/2021,162
103,Bevin,Bovey,4/3/2023,383
104,Mose,Geerdts,5/10/2023,65
105,Sherie,Tree,10/3/2021,113
106,Shauna,Shwalbe,11/4/2021,350
107,Taddeusz,Jennison,10/27/2021,487
108,Anna-diane,Conant,6/7/2021,305
109,Micheil,Farmer,5/22/2022,82
110,Evan,Chanders,1/15/2023,186
111,Bridie,Horsfield,9/20/2021,81
112,Tobiah,Barkas,9/4/2022,241
113,Pavel,Leadston,3/30/2022,314
114,De,Jessep,2/14/2022,345
115,Kelsey,Mogra,2/7/2023,144
116,Shalom,Cockayme,5/3/2021,372
117,Monte,Padefield,7/15/2022,90
118,Deeanne,Bousfield,11/12/2021,330
119,Nat,Jain,3/4/2023,342
120,Byron,Mitchiner,3/9/2023,83
121,Lancelot,Zieme,3/25/2022,271
122,Chaim,MacGhee,9/16/2021,123
123,Nicky,Bortoloni,1/21/2023,318
124,Michaelina,Leal,4/14/2022,259
125,Alistair,Battell,1/27/2022,176
126,Dolph,Carthew,9/1/2021,453
127,Sherm,Couch,4/9/2021,414
128,Osbourn,Bromley,5/11/2022,416
129,Kendell,Guinery,8/13/2021,262
130,Arielle,Blackey,10/14/2022,35
131,Gwendolyn,Gammell,9/10/2021,243
132,Devora,Townsley,4/7/2023,69
133,Dode,Lunnon,12/30/2022,15
134,Wini,Whatham,5/2/2023,236
135,Daffi,Kenninghan,5/25/2022,370
136,Lottie,Ledwich,7/16/2021,360
137,Norri,Eller,8/15/2021,3
138,Kissie,Sultan,7/17/2021,415
139,Alameda,Bootman,4/17/2023,210
140,Welbie,Reynard,4/26/2022,109
141,Alberta,Eirwin,5/5/2022,216
142,Susy,MacCombe,5/8/2023,387
143,Sandie,Rigolle,12/12/2021,97
144,Marni,Fandrich,4/28/2021,11
145,Irv,Bronger,4/3/2021,15
146,Nikos,Bulmer,4/5/2021,254
147,Rolf,Beckers,12/16/2022,469
148,Cynde,Delatour,3/8/2022,294
149,Martyn,Somerset,4/17/2023,29
150,Marieann,Fordy,11/30/2022,52
151,Helaine,Godson,4/1/2022,209
152,Karisa,MacAiline,10/11/2022,302
153,Shayne,Camblin,8/20/2021,384
154,Ketti,Hanbury-Brown,5/5/2022,13
155,Hastie,Heball,8/6/2022,213
156,Phillie,Hanshawe,11/23/2021,71
157,Chicky,Rolfi,11/18/2021,93
158,Rudd,O'Moylane,4/29/2023,441
159,Ely,Bladge,7/25/2021,429
160,Barry,Espadas,2/2/2022,170
161,Lissa,Cockney,1/10/2021,84
162,Eberto,Napoleone,2/17/2021,275
163,Kellby,Reisenstein,3/28/2021,259
164,Lydie,Rawet,11/14/2021,98
165,Heloise,Gisby,3/31/2021,295
166,Allyn,Scoterbosh,11/18/2021,232
167,Aubrie,Taberer,1/2/2021,138
168,Guthrey,Pechell,5/1/2022,355
169,Benedetto,Heliot,12/26/2022,369
170,Kellen,Sheering,8/22/2022,277
171,Fletcher,Ponter,1/28/2021,456
172,Dot,Martinet,11/11/2022,178
173,Maison,Cathro,8/2/2021,172
174,Fair,Cleeve,9/19/2021,492
175,Bordy,Haskey,5/11/2023,362
176,Phyllis,Croisier,3/30/2021,466
177,Rodney,Guilford,4/22/2021,177
178,George,Sheather,2/20/2022,67
179,Nichols,Jouanny,2/8/2022,79
180,Gertrud,Goodding,10/5/2021,489
181,Korella,Tatham,7/17/2022,76
182,Catharine,Chstney,1/28/2023,185
183,Cullen,Macguire,5/6/2021,43
184,Inigo,Bold,1/27/2021,205
185,Cherye,Delgua,1/13/2022,25
186,Yankee,Pogue,4/26/2022,145
187,Mose,Eglaise,6/24/2021,153
188,Coop,Arnett,3/15/2022,164
189,Estrella,Maggs,6/22/2022,212
190,Adrianne,Hawkswood,9/12/2021,81
191,Antoni,Le Barre,3/3/2021,18
192,Maible,Jeckell,4/12/2022,234
193,Claybourne,Itzkin,12/12/2021,207
194,Julita,Bolens,4/6/2022,157
195,Barbee,Mucci,4/8/2021,277
196,Augustina,Putley,9/30/2021,450
197,Andrey,Brotheridge,6/3/2022,40
198,Sonnnie,Motton,3/2/2023,374
199,Halimeda,Rapson,4/21/2023,347
200,Rance,Semor,11/15/2021,180
201,Lizzy,Sibille,5/3/2023,127
202,Brittaney,Monsey,2/25/2022,113
203,Kelley,Leglise,9/24/2022,78
204,Kandace,Gierok,3/7/2022,355
205,Torey,Sycamore,12/14/2022,460
206,Ade,Minico,3/16/2023,417
207,Louisette,Kinforth,2/2/2023,71
208,Quintus,Castaneda,1/12/2021,121
209,Ambrosi,Blaxton,9/17/2021,431
210,Gayleen,Mabey,7/2/2022,402
211,Opaline,Skace,2/27/2023,24
212,Almira,Sowerby,2/23/2022,7
213,Georgetta,Loreit,1/22/2021,440
214,Pat,McCullock,3/20/2021,354
215,Cesar,Exeter,9/17/2022,64
216,Joana,Abele,8/2/2022,35
217,Edeline,Paver,9/5/2022,259
218,Ruttger,Speers,4/27/2023,429
219,Hildegaard,Colten,3/25/2021,10
220,Ynes,Pietraszek,7/14/2021,492
221,Emmalyn,Ludee,7/16/2021,55
222,Britte,Janes,9/14/2022,66
223,Fallon,Mayes,10/26/2022,223
224,Teador,Readhead,6/3/2022,289
225,Cam,Pimmocke,5/31/2021,463
226,Priscilla,Pockett,5/9/2023,406
227,Phylis,Balogh,1/21/2022,58
228,Olvan,Hendrich,11/20/2021,309
229,Mariana,Hunston,9/1/2022,279
230,Mychal,Wildor,1/31/2021,151
231,Ivonne,Hoodlass,4/19/2023,392
232,Hillery,Holmyard,12/7/2021,42
233,Adriena,Buye,5/12/2022,418
234,Timothy,Nuschke,8/5/2022,439
235,Paulette,Burgyn,4/28/2022,267
236,Rochelle,Feldberger,6/16/2022,5
237,Alwyn,Clinning,4/30/2023,471
238,Jules,Baildon,11/7/2021,347
239,Caryl,Brok,7/6/2022,493
240,Peder,Wyeld,4/5/2023,117
241,Kevin,Fratson,9/29/2022,27
242,Cherice,Kinghorn,2/22/2023,478
243,Ginger,Kulic,6/9/2021,293
244,Uriah,Rosso,12/23/2021,409
245,Chane,Summerscales,4/30/2022,364
246,Buckie,Menicomb,7/7/2022,7
247,Florian,Fensome,12/27/2021,163
248,Domenic,Le Strange,3/6/2023,186
249,Henri,Ourtic,10/2/2022,475
250,Farrell,Worts,4/14/2022,11
251,Bernelle,Kittle,2/18/2023,375
252,Albertine,Liger,12/8/2021,417
253,Reyna,Hinckley,12/4/2021,98
254,Bel,Miquelet,7/11/2022,141
255,Gerek,Maxstead,2/6/2022,139
256,Zorana,Sabati,7/14/2022,286
257,Oren,Bellsham,6/19/2022,421
258,Venita,Beasleigh,4/10/2022,28
259,Charlton,Swanton,3/23/2021,354
260,Arnaldo,Devita,2/18/2021,5
261,Vaughn,Stonier,9/15/2022,7
262,Milissent,Kemmons,11/17/2022,44
263,David,Druhan,3/4/2022,118
264,Agosto,McDonnell,11/23/2022,33
265,Alicea,Jelf,8/30/2022,60
266,Erda,Hurry,12/22/2022,154
267,Jacklin,Ryhorovich,4/30/2022,496
268,Melva,Colquit,4/23/2022,41
269,Shel,Alleyne,1/12/2021,171
270,Allie,Gamage,2/4/2022,174
271,Christie,Bathersby,5/9/2021,41
272,Gabbey,Velez,9/11/2021,423
273,Wally,Cowndley,3/30/2023,74
274,Torry,Crofts,2/13/2021,110
275,Allys,Erdes,7/4/2021,329
276,Mandi,Wathen,3/19/2023,329
277,Melosa,Snoday,5/10/2022,302
278,Hercule,Tanti,10/11/2022,322
279,Etheline,Iacobacci,7/23/2021,283
280,Leanna,Rabjohns,9/19/2021,478
281,Rafaello,Winchurst,6/19/2022,31
282,Deb,Culpan,8/12/2022,139
283,Dorella,Orht,5/31/2023,33
284,Morley,Pinchbeck,10/29/2022,260
285,Jeanette,Iorizzo,8/11/2021,429
286,Barnie,Boatswain,8/10/2021,50
287,Anne,Humpage,2/24/2023,29
288,Brooke,Kyllford,5/18/2022,392
289,Boycey,Downie,10/19/2022,218
290,Urbanus,Jahnig,1/14/2023,403
291,Terrel,Tooth,1/27/2023,315
292,Luci,Letessier,10/4/2022,423
293,Orlan,Hazeldene,12/23/2021,232
294,Field,Rosle,11/13/2022,191
295,Kelsey,Cubuzzi,4/21/2022,8
296,Jenn,Heathcote,5/8/2022,51
297,Delcina,Borkett,8/26/2022,148
298,Penrod,Roggers,7/11/2021,373
299,Hebert,Erett,8/24/2022,238
300,Kelcy,Lippini,2/9/2023,228
301,Julee,Androck,4/16/2023,311
302,Lauren,McGinnis,4/21/2023,208
303,Camala,Huntingford,5/24/2022,328
304,Evangelina,Myles,4/25/2021,102
305,Shaylyn,Schofield,3/7/2022,143
306,Chev,Derdes,6/22/2022,486
307,Niccolo,Keese,11/10/2021,41
308,Tamar,Oughtright,5/2/2021,222
309,Gustie,Schach,12/9/2021,500
310,Renaud,Awcoate,11/14/2022,28
311,Berta,Lycett,4/1/2021,89
312,Ware,Massey,8/18/2021,135
313,Paxton,Bickers,12/24/2022,76
314,Ezmeralda,Parncutt,4/16/2022,485
315,Jo,Pear,1/17/2021,336
316,Cyrus,Calow,11/18/2022,337
317,Karrah,Jurek,4/11/2022,195
318,Dane,Cresser,3/23/2022,346
319,Hunt,Dane,1/24/2023,364
320,Walliw,Ramplee,5/8/2023,102
321,Daloris,MacGaughie,4/15/2021,318
322,Lazaro,Danis,9/28/2021,327
323,Buffy,Sisselot,11/12/2022,180
324,Georgena,Lavis,10/3/2022,223
325,Burnard,Beresford,1/10/2023,468
326,Sanson,Francis,6/1/2023,69
327,Curt,Greenlees,10/7/2021,140
328,Glendon,Jenny,5/16/2022,423
329,Puff,Peacey,4/16/2023,80
330,Farleigh,Adamek,4/17/2023,148
331,Clemmie,Winterborne,4/24/2022,415
332,Field,Glassopp,8/22/2021,76
333,Ariel,Filyukov,3/19/2022,452
334,Viviana,Skerme,3/5/2021,452
335,Lucie,Aylen,10/4/2021,173
336,Jarad,Worman,8/25/2022,9
337,Loraine,Petrashov,7/6/2021,121
338,Rolf,Pollard,1/16/2022,480
339,Ferguson,Reeme,9/28/2021,79
340,Friedrick,Hartles,10/11/2021,203
341,Zachariah,Edy,11/24/2021,270
342,Cindelyn,Godwyn,9/27/2021,52
343,Bobbie,Simo,3/26/2023,434
344,Gus,Pollicott,7/31/2021,14
345,Lynnet,Jordi,6/3/2022,124
346,Scotty,Devo,9/5/2021,123
347,Trey,Labbett,4/18/2023,28
348,Aimil,Enser,8/4/2022,328
349,Astrix,Humberstone,11/3/2022,454
350,Sande,Lowdes,6/23/2021,157
351,Kimberlee,Barthropp,3/4/2023,222
352,Sophie,Dan,9/12/2022,146
353,Car,Piggott,5/28/2023,433
354,Minnie,Reyburn,3/5/2021,315
355,Haily,Palombi,12/25/2022,185
356,Nels,Scarr,6/23/2021,148
357,Linette,Shearsby,1/3/2022,140
358,Tawsha,Parcell,9/24/2021,283
359,Reagen,Rookledge,10/29/2022,269
360,Dionne,Duddy,3/4/2023,74
361,Brandice,Gallifont,9/2/2022,218
362,Bay,Cowope,3/25/2022,176
363,Thedrick,Pley,5/29/2023,289
364,Caitrin,Pulver,4/8/2023,198
365,Fonz,Goalley,1/18/2022,29
366,Homer,Kalisch,10/7/2022,108
367,Wallas,Walworth,4/15/2023,289
368,Ernestus,Tolefree,4/2/2023,145
369,Tod,Blakely,9/4/2021,336
370,Sheree,Coper,11/21/2022,194
371,Samantha,de Grey,5/21/2021,337
372,Nicki,Raft,9/16/2022,332
373,Nickola,Everard,8/8/2022,490
374,Adolphe,Mathy,4/25/2023,86
375,Dud,Bosman,7/24/2022,165
376,Lynde,Paddle,10/28/2021,275
377,Kristal,Rabley,4/19/2023,164
378,Laurel,Noblett,3/2/2021,180
379,Mariette,Franzen,5/6/2022,307
380,Angelina,Challen,11/20/2021,403
381,Vivien,Menghi,4/21/2022,345
382,Larine,Girtin,11/23/2021,121
383,Eward,Lauritzen,3/3/2022,371
384,Osgood,Angus,9/29/2021,230
385,Saleem,Wannop,10/24/2021,424
386,Elizabet,Bilverstone,5/9/2022,232
387,Fulton,Loffhead,1/30/2023,437
388,Teodora,Charnick,1/5/2023,499
389,Katerine,Boribal,11/19/2021,468
390,Judas,Reilingen,9/11/2022,434
391,Odey,Aris,4/18/2023,13
392,Washington,Blemings,5/21/2021,22
393,Marietta,Dooly,4/23/2022,438
394,Kiele,L'argent,9/9/2021,171
395,Rosalie,Windas,6/19/2021,342
396,Aleda,Dexter,6/9/2023,218
397,Forrest,Sprigings,1/12/2021,470
398,Denis,Webber,10/5/2021,322
399,Webster,Cream,11/19/2022,124
400,Mariya,Handke,3/5/2021,245
401,Jeremias,McGeoch,8/2/2021,177
402,Constancia,Snook,1/17/2021,343
403,Mae,Louth,12/20/2021,42
404,Panchito,Dansken,9/25/2022,256
405,Anitra,Ganning,7/4/2022,246
406,Veradis,Alloway,12/30/2021,324
407,Jillian,Latek,1/8/2021,102
408,Delainey,Gear,2/13/2023,390
409,Devora,Hallawell,11/23/2021,400
410,Sheffy,Payze,12/20/2021,263
411,Mal,Bulcroft,10/9/2022,81
412,Cristi,Handman,1/3/2022,244
413,Johnathan,Vaune,3/3/2022,137
414,Otha,Shacklady,7/30/2021,384
415,Clarie,Realy,2/10/2023,135
416,Raddy,Guirard,8/30/2021,84
417,Evangeline,Dufall,6/18/2021,382
418,Blanche,Ayling,12/6/2022,40
419,Ezri,Josifovic,9/13/2021,99
420,Arlyn,Dorsett,9/8/2022,344
421,Dalis,Warwicker,2/12/2021,20
422,Blane,Steggles,10/15/2022,421
423,Velvet,Ascough,2/9/2023,69
424,Belinda,Aulton,8/12/2022,12
425,Arlin,Jouhning,6/14/2021,458
426,Ring,Woolrich,4/18/2023,432
427,Issy,Alejandri,6/9/2023,172
428,Sylvester,Grayne,8/1/2022,250
429,Sarajane,Fetter,12/5/2021,385
430,Dale,Lazer,2/26/2021,336
431,Drew,Hamper,10/31/2022,476
432,Mikael,Boyne,9/19/2021,64
433,Kinnie,Ealden,8/23/2022,458
434,Neala,Cartman,3/16/2022,146
435,Micah,Froom,5/6/2022,226
436,Lela,Bristowe,9/25/2021,156
437,Dana,Sidry,7/1/2021,60
438,Geri,Awcock,3/10/2022,260
439,Daron,O'Shevlan,7/14/2021,142
440,Vincenty,Rubinowitsch,9/20/2021,352
441,Keen,Shimuk,1/2/2022,197
442,Fowler,Billham,3/7/2023,190
443,Skye,Pleass,3/15/2023,144
444,Averell,Jado,4/30/2022,183
445,Husein,Awcock,5/16/2023,321
446,Dieter,Espino,8/28/2021,170
447,Ara,Tomasoni,3/13/2023,298
448,Erminia,Cheetham,1/28/2021,372
449,Rolfe,Cumine,2/12/2021,18
450,Althea,Melior,5/10/2023,436
451,Mickie,McVittie,4/3/2021,363
452,Innis,Levicount,10/8/2021,171
453,Noellyn,Battleson,10/11/2021,366
454,Waylan,Haggish,8/13/2021,173
455,Phyllis,Learned,4/21/2022,338
456,Spike,Dowderswell,9/24/2022,329
457,Stevana,Selway,3/21/2023,322
458,Loralyn,Ronald,5/19/2023,269
459,Rodina,Kuban,3/6/2021,144
460,Halimeda,Garvagh,11/5/2022,310
461,Nikolia,Kittoe,1/26/2023,410
462,Bevin,Gooddy,2/1/2022,436
463,Dru,Booeln,4/13/2022,285
464,Damien,Caveney,10/10/2022,299
465,Corie,Usmar,6/16/2022,379
466,Tracy,Lamblin,3/15/2021,55
467,Chryste,Ruckert,5/28/2023,281
468,Sarita,Trounce,8/6/2021,406
469,Ivor,Pohls,12/14/2021,284
470,Jolyn,Shipp,4/11/2022,238
471,Eal,Taberer,12/4/2022,138
472,Zeke,Truswell,3/29/2022,415
473,Ketty,Eskrick,3/2/2023,130
474,Vasily,Byass,5/2/2023,168
475,Kellina,Hinzer,7/31/2022,63
476,Claudetta,Stuchbury,12/6/2022,29
477,Kyrstin,Depka,2/18/2022,479
478,Dale,Salazar,2/6/2022,114
479,Dane,Atwool,8/19/2022,303
480,Sindee,Breissan,12/6/2021,8
481,Jeana,Pollendine,7/18/2022,379
482,Delainey,Chaters,6/3/2021,267
483,Vladimir,Braisby,8/19/2021,15
484,Hillery,Lindsell,7/28/2022,447
485,Sherwin,Benny,10/8/2021,119
486,Trixie,Grover,6/5/2021,261
487,Rorie,Clute,8/16/2021,416
488,Dasi,Tuma,2/19/2023,203
489,Rochelle,Le Sieur,9/26/2022,207
490,Elmer,Pester,5/13/2022,34
491,Bartolemo,Kenningley,12/20/2021,489
492,Sherill,Dundridge,12/19/2021,142
493,Barde,Spincks,4/28/2022,7
494,Ardyth,Pritchitt,1/24/2022,21
495,Flory,McClelland,1/13/2021,41
496,Normie,Fife,1/22/2023,285
497,Roldan,Klampt,2/12/2022,113
498,Keeley,Connew,1/6/2021,454
499,Elliott,Himsworth,4/16/2022,312
500,Jenni,Osborn,10/21/2021,337
501,Kellia,Couche,10/29/2022,208
502,Berte,Tolomio,11/18/2022,286
503,Torrence,Thumann,3/16/2022,231
504,Theo,Anthoney,6/16/2021,414
505,Una,Rosenfield,4/26/2022,125
506,Raimondo,Eltune,5/9/2023,441
507,Bev,Cooksley,2/9/2023,9
508,Tammy,Raven,9/1/2022,232
509,Kirstin,Liffe,2/17/2023,231
510,Heddi,Keysall,2/19/2023,225
511,Grace,Hassett,7/24/2021,453
512,Woodrow,Dentith,8/30/2022,141
513,Sally,Fitton,3/12/2023,340
514,Gaylene,Robet,3/9/2023,183
515,Janenna,Hassin,12/25/2022,421
516,Ainslie,Ashenhurst,8/11/2022,210
517,Alasteir,Bourdice,9/2/2021,342
518,Nell,Kruszelnicki,11/10/2021,449
519,Lenka,Lurcock,8/10/2022,38
520,Merrielle,Cohr,12/1/2022,268
521,Othilia,Ducker,7/24/2021,484
522,Niccolo,Cozby,5/16/2021,415
523,Maris,Gye,4/17/2021,104
524,Roxane,Nutty,9/20/2021,478
525,Gabbey,Andrewartha,2/14/2023,64
526,Dore,Gatlin,4/17/2022,322
527,Sidoney,Dunbleton,4/14/2021,131
528,Maudie,Sherville,5/10/2023,210
529,Ashien,Jerrand,8/31/2022,212
530,Malchy,Skinner,5/21/2023,490
531,Valenka,Harroway,1/1/2023,76
532,Ky,Kolyagin,5/7/2023,482
533,Miller,Blackden,7/27/2022,51
534,Alaric,Trevaskis,1/23/2022,452
535,Martie,Zima,5/21/2021,343
536,Brooke,Paoloni,10/30/2022,41
537,Art,Maundrell,7/28/2021,105
538,Ellynn,Goomes,5/27/2023,263
539,Vincenty,Heffy,3/10/2021,28
540,Devan,Brame,7/26/2021,230
541,Carce,Abramof,3/4/2022,63
542,Palm,MacIntosh,11/28/2022,59
543,Sorcha,Flahive,10/11/2022,14
544,Missie,Tyrie,5/12/2022,313
545,Peri,Willis,4/11/2022,182
546,Agnese,Benettini,5/22/2022,350
547,Ashlin,Cahn,10/26/2021,376
548,Akim,Pigram,4/22/2021,494
549,Roselia,Clow,7/20/2021,249
550,Johnette,Laste,1/4/2023,44
551,Merna,Wardall,8/1/2021,297
552,Emmery,Lockhurst,5/17/2022,154
553,Cinderella,Winston,12/15/2021,420
554,Eryn,Aps,9/15/2021,165
555,Bernadina,Stillgoe,5/15/2021,200
556,Hakim,O'Mohun,2/4/2021,229
557,Kylynn,Probart,2/22/2022,146
558,Gilberte,Aylwin,8/15/2022,234
559,Marjie,Donson,4/25/2022,259
560,Brittaney,Fosdick,4/17/2021,232
561,Johanna,Bister,8/22/2022,22
562,Raphaela,Peteri,4/17/2021,91
563,Guthrie,Izkovitz,4/14/2023,415
564,Betsey,Brandenburg,4/13/2023,126
565,Terrill,Berrisford,6/2/2022,24
566,Hilary,Reddish,11/18/2022,336
567,Rebekah,Corbyn,12/25/2022,48
568,Belle,Elcocks,11/28/2022,125
569,Maybelle,Osgerby,3/11/2022,390
570,Bruno,Aldcorn,8/14/2022,481
571,Robbie,Elcomb,1/13/2023,480
572,Lincoln,Lunney,4/4/2022,492
573,Junina,McEvay,12/5/2021,155
574,Laughton,Rubartelli,3/9/2023,358
575,Benedick,Heinz,12/12/2022,252
576,Haydon,Mitrikhin,7/22/2022,209
577,Becca,Jobern,7/6/2021,13
578,Laird,De Bruijne,1/17/2022,347
579,Page,Mothersdale,5/9/2021,106
580,Meredithe,Dellit,5/28/2023,108
581,Preston,McBrearty,6/6/2021,356
582,Channa,Grono,11/10/2022,72
583,Ivy,Huckell,11/11/2021,239
584,Shepard,Lacaze,2/5/2021,491
585,Georges,Coop,5/3/2021,488
586,Dorothee,Newrick,7/2/2022,29
587,Lorelle,Albon,3/30/2021,246
588,Wenda,Cleft,1/19/2022,198
589,Rosco,Trigg,8/13/2021,303
590,Carlynn,Masselin,10/1/2021,294
591,Kippy,Pegden,5/8/2022,474
592,Julita,Adlard,4/9/2021,413
593,Even,Geroldini,4/1/2023,28
594,Hermione,Goodman,4/23/2023,77
595,Kendrick,Sheron,3/25/2023,257
596,Saba,Gianiello,5/12/2021,88
597,Edyth,Buessen,10/13/2022,410
598,Sancho,Olenchikov,4/23/2022,152
599,Carin,Pickover,9/30/2022,275
600,Alma,Leadbeater,4/6/2023,226
601,Bernita,Dumbar,11/5/2021,44
602,Birgit,Redhills,7/11/2021,294
603,Nicola,Lantaph,7/21/2021,480
604,Ricki,Matthewson,10/5/2021,47
605,Locke,Brockie,4/21/2022,124
606,Cletis,Crush,3/6/2021,33
607,Alaric,Morris,9/24/2021,255
608,Bruis,Mulvagh,8/4/2021,217
609,Roddy,Parfitt,8/9/2021,111
610,Reinaldo,Klaiser,1/7/2021,286
611,Glynda,Turbefield,4/11/2022,368
612,Carlen,Patley,3/12/2021,149
613,Codi,McGrey,6/3/2022,303
614,Glenn,Bennington,1/8/2021,366
615,Roxanne,Gaggen,5/2/2021,367
616,L;urette,Straw,2/1/2022,279
617,Monty,Vermer,11/2/2021,14
618,Karl,Jahndel,7/11/2021,317
619,Ernestus,Manass,1/7/2023,361
620,Jasun,Mary,2/9/2022,252
621,Kimberlyn,Noraway,11/17/2022,231
622,Maximilien,Deme,2/18/2022,303
623,Nelle,Kilmary,1/29/2021,475
624,Yard,Merton,6/7/2021,375
625,Locke,Rewan,4/4/2022,385
626,Patrica,Ferrieri,4/30/2021,294
627,Blair,Gibling,6/17/2021,72
628,Viviyan,Achurch,1/24/2021,177
629,Pearl,Mucillo,4/24/2022,459
630,Maryanna,McSherry,9/15/2022,314
631,Scot,Grishunin,7/20/2021,236
632,Angelica,Yanshinov,6/27/2022,178
633,Egon,Gasker,10/11/2022,339
634,Merlina,Dabinett,5/30/2023,204
635,Isiahi,Matasov,3/18/2021,68
636,Anthea,Corbet,5/6/2023,61
637,Heath,Pezey,7/5/2022,153
638,Francesca,Lambrecht,11/7/2021,441
639,Yorker,Lammerts,9/10/2022,266
640,Wren,Crayden,12/19/2021,467
641,Tamas,Awton,11/1/2021,485
642,Missie,Melmeth,11/17/2022,442
643,Albrecht,Noel,12/13/2022,284
644,Sheff,Sibbet,11/25/2022,452
645,Tomlin,Lefwich,4/18/2023,321
646,Debera,Latan,1/29/2022,60
647,Ellery,Baddam,8/11/2022,127
648,Ethel,Garaway,1/6/2021,417
649,Florian,Tutchings,6/4/2023,142
650,Galvin,Tappington,10/20/2021,456
651,Eveline,Kinnard,1/2/2023,27
652,Arley,Granville,8/26/2021,439
653,Fred,Bratchell,3/22/2022,64
654,Caron,Curtain,8/3/2022,276
655,William,Gershom,11/27/2022,44
656,Fernande,Sharma,8/11/2022,348
657,Coletta,Choppen,9/13/2022,382
658,Pet,O'Sheerin,6/27/2022,348
659,Joyous,Nuschke,6/21/2022,28
660,Brietta,Robertson,1/8/2023,9
661,Benjie,Skellen,4/11/2022,446
662,Adelaide,Guare,5/17/2021,120
663,Anthia,Floch,5/27/2022,334
664,Tonye,Dulake,10/30/2021,343
665,Belicia,Serraillier,5/3/2022,368
666,Rudolf,Fenelon,4/24/2021,247
667,Maggi,Upshall,1/8/2021,226
668,Margaretta,Eytel,7/9/2021,447
669,Sonnnie,Brangan,3/23/2022,188
670,Gerri,Szymanski,7/29/2021,35
671,Mae,Illsley,1/6/2023,73
672,Roz,Helm,5/6/2023,294
673,Cornie,Blowfelde,11/22/2021,343
674,Marion,Corston,3/28/2021,33
675,Alvie,Trumper,9/19/2021,364
676,Cody,Fennessy,1/30/2021,453
677,Sydney,Cattanach,6/12/2021,357
678,Chancey,Bradnum,11/28/2022,177
679,Kate,Durrance,8/20/2022,401
680,Tandy,Winstanley,12/14/2021,348
681,Kaspar,Farndale,6/15/2021,473
682,Lena,Pamphilon,9/29/2021,120
683,Hieronymus,O'Reilly,10/23/2021,256
684,Lizabeth,Hughill,8/9/2021,159
685,Kathe,Juckes,5/14/2023,455
686,Benedetto,Clausen,8/23/2021,450
687,Darb,Klimuk,5/8/2022,310
688,Walsh,Trehearn,9/18/2021,115
689,Karney,Allport,4/8/2021,56
690,Peg,Buckhurst,4/29/2023,317
691,Rodney,Danby,2/26/2023,87
692,Nancy,Dory,12/2/2021,393
693,Antonin,Cranke,12/15/2022,260
694,Nady,Duns,11/20/2022,129
695,Martino,Lulham,5/29/2021,361
696,Evelyn,Lindbergh,5/4/2022,433
697,Rivalee,Stothard,10/26/2021,63
698,Pandora,Stonehewer,7/31/2022,134
699,Burtie,Tregaskis,9/18/2021,295
700,Yurik,Bartle,7/4/2021,274
701,Bing,Martusov,2/1/2023,366
702,Toddie,Winny,4/24/2023,449
703,Park,Frascone,2/21/2022,260
704,Kitty,Motion,10/6/2021,59
705,Roth,Cremer,9/21/2022,326
706,Brianna,Ivanichev,2/16/2023,500
707,Evelina,Waliszek,9/29/2022,146
708,Aldridge,Stailey,8/7/2021,306
709,Mariana,Woolham,4/9/2022,73
710,Susanetta,Jovicevic,2/15/2022,137
711,Dominic,O'Scannill,9/7/2022,60
712,Carver,Walder,12/24/2021,230
713,Shanda,Brunicke,6/13/2021,77
714,Wolfie,Brommage,2/14/2021,135
715,Loraine,Phelps,9/16/2021,283
716,Sallyanne,Djekovic,4/20/2022,271
717,Ronica,Luciani,11/13/2021,153
718,Kenton,Hawyes,7/16/2021,157
719,Marthe,Carmichael,4/14/2022,138
720,Donnie,Schechter,11/10/2022,257
721,Janka,Nevet,10/25/2021,45
722,Winslow,Caffery,6/14/2021,184
723,Daron,Mulran,5/18/2023,491
724,Matthiew,Rawsen,9/25/2021,319
725,Davis,Moberley,4/13/2023,186
726,Lay,Starkey,9/3/2021,14
727,Tami,Longforth,6/27/2021,291
728,Abbey,Springall,1/22/2021,454
729,Foss,Thames,1/12/2021,261
730,Kendre,Attenborrow,5/7/2023,37
731,Hortensia,Cannon,4/16/2023,487
732,Granthem,Wardingly,5/31/2023,32
733,Rhett,Annandale,2/11/2023,113
734,Emlynne,Olenov,1/24/2022,144
735,Roselle,Ritson,12/10/2021,101
736,Charissa,Boost,9/27/2022,165
737,Joceline,Grennan,1/7/2023,218
738,Anni,Jiri,6/19/2021,115
739,Tobit,Baird,5/30/2021,414
740,Stanislaus,Isenor,10/7/2021,438
741,Amanda,Harly,5/10/2021,120
742,Nalani,Gerrelt,5/10/2021,230
743,Anne-corinne,Davidou,10/3/2021,113
744,Diane,Palk,1/25/2021,101
745,Crichton,Ezzle,3/3/2023,352
746,Brucie,Cromley,6/17/2022,228
747,Lynnell,Wallbanks,10/24/2021,117
748,Lewiss,Pevie,6/11/2022,304
749,Derril,Stitch,8/22/2021,112
750,Sheelah,McGonnell,6/3/2021,319
751,Aleece,Rimer,6/7/2022,452
752,Wells,Lincoln,4/7/2023,224
753,Mari,Enser,10/13/2021,421
754,Yolande,McPolin,12/5/2021,254
755,Lisetta,Swatheridge,1/21/2023,320
756,Erda,Bullimore,5/7/2023,334
757,Morgen,Mellish,5/20/2022,358
758,Christy,Wikey,2/16/2022,376
759,Nancy,Whaites,9/7/2022,72
760,Eleanor,Haysom,1/18/2021,173
761,Othilie,Tindle,3/27/2023,117
762,Ava,Trevenu,4/17/2022,152
763,Annetta,Kores,2/2/2023,125
764,Zerk,Ritzman,1/8/2023,129
765,Kip,Zarfat,8/14/2022,396
766,Leola,Paterno,10/10/2022,282
767,Annelise,Youell,4/11/2023,448
768,Theda,McClelland,12/23/2021,114
769,Bobbi,Littlechild,4/7/2022,222
770,Nataline,Baptiste,1/24/2021,106
771,Shane,West-Frimley,3/22/2022,297
772,Freda,Telega,3/10/2021,299
773,Trever,Dainton,3/12/2022,133
774,Kelly,Abelevitz,12/17/2021,313
775,Skipton,Matthesius,9/1/2022,250
776,Carole,Jordan,6/22/2022,28
777,Wyatt,Bidmead,9/9/2021,46
778,Napoleon,Dufore,2/13/2021,373
779,Adlai,Giovannelli,12/23/2021,452
780,Natale,Cutsforth,5/2/2022,341
781,Isak,Backshill,6/1/2022,348
782,Kalil,Chappelle,6/7/2022,328
783,Patten,Leivesley,3/19/2022,411
784,Tricia,Vobes,1/27/2022,204
785,Ros,Llop,5/11/2021,493
786,Sid,Bessent,1/25/2023,479
787,Michelle,Kenewel,1/8/2021,220
788,Barnett,Lodwick,3/29/2021,282
789,Minda,Prestage,7/23/2022,284
790,Cleo,Oldknow,2/28/2022,355
791,Xenia,Oaks,1/31/2021,473
792,Marcile,Otter,10/16/2022,292
793,Ad,Wagner,4/27/2022,145
794,Tirrell,Lease,8/7/2022,297
795,Eyde,Bugdell,5/9/2022,344
796,Annamarie,Haveline,11/29/2022,270
797,Linc,Casellas,6/14/2021,441
798,Abbey,Coade,3/21/2023,107
799,Corella,Jelfs,7/31/2022,84
800,Janela,Ghiraldi,8/30/2022,183
801,Lena,Gosford,12/18/2021,276
802,Tommie,Fayerbrother,8/4/2021,28
803,Barb,Ram,7/15/2021,382
804,Lyssa,Kinton,1/13/2023,259
805,Korey,Cramb,12/16/2022,333
806,Richard,La Torre,4/7/2022,194
807,Erastus,Vere,9/1/2022,210
808,Brigitta,Enefer,9/30/2022,258
809,Allen,Mulcahy,2/19/2022,388
810,Nathanil,Thelwll,10/9/2022,122
811,Yolande,Rossander,6/20/2022,91
812,Freddie,Goulding,2/16/2022,490
813,Maribelle,Hearnden,10/21/2021,43
814,Perle,Grosvenor,6/7/2022,296
815,Anastassia,Baselio,2/5/2022,406
816,Cookie,Hardiman,12/24/2022,116
817,Roshelle,Mundy,10/18/2022,406
818,Dion,O'Brallaghan,4/13/2021,33
819,Alli,Newton,5/26/2022,406
820,Elysia,Pohl,6/1/2021,248
821,Gerty,Burtwhistle,3/13/2022,399
822,Harvey,Winnister,2/14/2023,393
823,Timmie,Cressy,11/12/2022,243
824,Hartley,Tomley,2/8/2023,167
825,Maureene,Ridder,5/29/2022,112
826,Kellie,Dobney,9/3/2022,193
827,Shaylah,Calrow,4/19/2023,324
828,Nerita,Kirk,8/1/2021,281
829,Hannis,Clemencet,6/11/2022,375
830,Jodie,Sweetmore,1/28/2022,415
831,Eliza,Dmitr,12/18/2021,111
832,Patrizius,Shellshear,4/3/2021,472
833,Kerwinn,Dixie,4/21/2022,397
834,Valery,Dymidowski,3/26/2021,129
835,Winny,Kyrkeman,2/6/2022,268
836,Les,Tytcomb,9/27/2022,475
837,Kele,Josephoff,7/28/2022,243
838,Arvy,Hodgets,10/19/2021,213
839,Gan,Lytlle,4/30/2021,346
840,Kathleen,Bill,4/28/2022,145
841,Pierson,Kinsey,4/27/2022,377
842,Benita,Malpass,11/5/2022,265
843,Quint,Wynch,1/13/2021,486
844,Ninetta,Gealy,1/11/2022,25
845,Kelcey,Speare,4/27/2023,84
846,Gilburt,Riddiough,4/10/2023,163
847,Gabriell,Chisholme,2/4/2021,365
848,Eddi,Lorenc,2/10/2023,246
849,Maryanne,Pagden,1/6/2021,433
850,Talyah,Yukhov,4/1/2023,458
851,Elwira,Polglaze,10/30/2021,42
852,Jerrold,Cockarill,1/25/2021,386
853,Jeannette,Corck,4/3/2023,108
854,Adora,Emlyn,5/3/2023,151
855,Henka,Brunetti,8/25/2022,156
856,Justus,Defont,2/24/2023,453
857,Monroe,Pawlicki,10/12/2022,337
858,Maridel,Arcase,3/25/2022,52
859,Lenna,Pettersen,5/18/2022,203
860,Langsdon,Sesons,1/15/2021,227
861,Herold,Spinello,12/18/2021,114
862,Larina,Stirman,4/12/2023,291
863,Kale,O'Mara,6/2/2021,111
864,Evania,Broszkiewicz,2/24/2023,315
865,Pietra,Reddihough,4/26/2021,343
866,Sanson,Amy,3/17/2023,297
867,Ardeen,Brouncker,12/16/2021,415
868,Katerina,Scay,11/29/2022,66
869,Heall,Blakeston,11/1/2022,112
870,Bell,Arboin,11/19/2022,397
871,Kevin,Vouls,5/1/2023,142
872,Crosby,Sheddan,6/2/2023,106
873,Rhiamon,Ayllett,2/21/2023,467
874,Dodi,Ilyasov,11/14/2021,240
875,Morena,Tarplee,1/21/2023,287
876,Trixie,Jiroutka,6/10/2022,416
877,Linoel,Tilte,2/16/2022,64
878,Shannon,Tallyn,11/22/2021,51
879,Pierrette,Petras,4/29/2023,205
880,Packston,Cowitz,7/29/2022,255
881,Laurice,Fitzjohn,2/2/2021,369
882,Bret,Limbert,9/18/2021,416
883,Mirna,Silly,10/15/2021,10
884,Gwynne,Zanuciolii,3/7/2022,403
885,Andeee,Kilbourn,7/26/2021,442
886,Griz,Jose,10/2/2021,434
887,Concettina,Pearn,12/26/2021,143
888,Carry,Reedie,1/30/2021,410
889,Bessy,Juliff,11/29/2022,411
890,Cly,Heasley,5/17/2022,91
891,Randall,Agates,4/17/2021,404
892,Hope,Jeves,9/22/2021,156
893,Tremain,Fairs,2/9/2021,110
894,Valentine,Servante,3/15/2021,308
895,Vivi,Spurrier,11/17/2022,343
896,Dean,Simone,6/19/2022,399
897,Calypso,Beche,1/7/2023,256
898,Josepha,Jenno,12/11/2021,150
899,Pepita,Clough,1/7/2022,233
900,Bianca,Wittier,10/8/2021,300
901,Ericka,Dewi,4/14/2021,36
902,Sherline,Harrop,11/3/2022,218
903,Bibi,Cruikshank,3/6/2022,337
904,Thoma,Gillison,2/15/2023,422
905,Emelita,Santi,10/11/2022,426
906,Ferdie,Unsworth,8/28/2021,279
907,Madelaine,Guerner,2/6/2021,286
908,Jeff,Flatte,8/7/2021,265
909,Wallace,Baudet,2/23/2022,151
910,Hedwig,Ebanks,8/21/2021,358
911,Griffy,Danahar,2/3/2021,10
912,Merola,Petto,12/25/2021,329
913,Dwain,Ozelton,8/30/2021,282
914,Enrico,Straffon,12/13/2021,451
915,Waly,Scandrett,12/8/2021,380
916,Clywd,McRinn,3/18/2023,183
917,Fowler,Indge,7/18/2022,203
918,Burk,Vercruysse,4/6/2023,256
919,Penn,Shotbolt,12/24/2022,180
920,Hasheem,Tolworth,4/21/2022,431
921,Carlyle,Gillooly,6/3/2021,319
922,Porter,Pridden,2/18/2022,419
923,Maxy,Heberden,6/3/2023,103
924,Marigold,Stuther,1/26/2021,201
925,Sarena,Goode,11/8/2022,147
926,Kylila,Gatecliff,7/16/2022,99
927,Ivor,Clayfield,6/9/2023,305
928,Husein,Jacson,5/5/2023,410
929,Ciro,Darell,7/3/2021,424
930,Herb,Checkley,2/27/2023,117
931,Matty,Guilbert,8/22/2022,423
932,Shandie,Normanvill,2/12/2023,33
933,Dur,Lazer,11/1/2022,25
934,Rees,Prewett,5/24/2023,425
935,Calhoun,Jewkes,8/29/2022,383
936,Dinnie,Dimmock,2/9/2022,181
937,Graham,Muggach,4/25/2023,165
938,Cart,Kevane,9/20/2022,98
939,Vivian,Gudge,10/28/2022,122
940,Burt,Villa,11/11/2021,303
941,Wilbur,Gumley,8/6/2021,86
942,Felita,Eastbrook,12/8/2022,478
943,Pat,Cashley,2/4/2023,193
944,Minette,Gress,6/7/2023,455
945,Arni,Alkin,2/18/2022,149
946,Marice,Fantin,10/17/2022,119
947,Leila,Leghorn,10/1/2021,357
948,Cacilia,Easterby,4/15/2023,445
949,Paulita,Glasspoole,2/24/2021,108
950,Vivianna,Mee,1/28/2022,296
951,Daron,Amiable,2/24/2021,234
952,Velma,Milby,3/28/2022,92
953,Alexandros,Toulch,2/23/2021,226
954,Bunni,Peerman,1/22/2023,213
955,Darwin,Girardot,1/8/2022,136
956,Kele,Tadd,4/16/2022,289
957,Cissy,Smewing,7/18/2021,176
958,Stephanie,Dunning,11/3/2021,273
959,Paige,Dacca,10/31/2021,403
960,Marni,Billyard,2/7/2022,281
961,Wain,Waycot,3/15/2021,304
962,Garrek,Gwinn,10/29/2021,25
963,Nathalia,Swarbrigg,5/28/2022,170
964,Tobit,Currm,7/19/2022,289
965,Antons,Breslane,9/23/2021,440
966,Dominick,Joslyn,2/26/2021,321
967,Jerrie,Grieveson,3/12/2021,196
968,Ranee,Bere,1/3/2022,179
969,Tedd,Quarless,3/5/2021,484
970,Cristen,Baines,5/20/2023,484
971,Andra,Wesker,7/28/2022,313
972,Sumner,Wilderspoon,7/4/2022,245
973,Whit,Diggar,4/18/2022,64
974,Maible,Mawdsley,10/16/2021,400
975,Stefan,Creebo,6/4/2022,484
976,Lisha,Cowdry,7/8/2022,145
977,Syd,Leeman,2/10/2022,269
978,Jase,Champain,7/15/2021,218
979,Dianna,Shave,6/7/2022,1
980,Gottfried,Walby,1/21/2022,429
981,Northrop,Northin,3/9/2022,171
982,Prudi,Caldairou,1/13/2022,132
983,Venita,McPartling,3/1/2021,141
984,Vasily,Gilfether,1/9/2023,266
985,Stillmann,Alenikov,4/19/2023,92
986,Horacio,McVanamy,1/4/2023,138
987,Wylma,Ervin,7/10/2022,329
988,Marjory,Runcie,6/7/2022,50
989,Andra,Nabbs,12/24/2022,59
990,Darcee,Dugmore,9/1/2022,189
991,Herminia,McMeanma,11/20/2021,10
992,Carver,Jeannet,5/1/2023,147
993,Linn,Cauderlie,12/20/2021,84
994,Katrinka,Berthome,8/4/2021,52
995,Lanny,Bridges,5/25/2023,365
996,Andros,Thorley,2/3/2021,340
997,Cathleen,Peacher,10/28/2022,347
998,Joel,Conan,7/22/2022,141
999,Dyan,Nornable,2/8/2021,195
1000,Trstram,Nary,6/4/2023,401
